line,type,from_to,hubs,follows_route,stops,km,run_min,headway_min,buses,weekday_hours,flags
T1,trunk,Cornwall Ave after Craigmillar Ave → Logy Bay Rd at Logy Bay Manor,"Cornwall Ave after Craigmillar Ave, Empire Ave opp Kellys Brook Apts, Avalon Mall, MUN Centre, Ridge Rd before Gloucester St, Torbay Rd at Newfoundland Dr, Logy Bay Rd at Logy Bay Manor",,29,14.2,39.5,10.0,9,142.4,
T2,trunk,Village Shopping Centre → Empire Ave opp Kellys Brook Apts,"Village Shopping Centre, Cornwall Ave after Craigmillar Ave, Military Rd at St Thomas Church, Elizabeth Ave before New Cove Rd, Empire Ave opp Kellys Brook Apts",,28,12.4,37.5,10.0,9,135.2,
T3,trunk,Torbay Rd at Newfoundland Dr → Elizabeth Ave before New Cove Rd,"Torbay Rd at Newfoundland Dr, Elizabeth Ave before New Cove Rd",,4,1.6,5.0,10.0,2,17.9,short: could run as an extension of a feeder line instead
F1,feeder,Village Shopping Centre → Shoal Bay Rd at Park Ln,Village Shopping Centre,18,48,14.8,32.0,30.0,3,38.4,
F2,feeder,Village Shopping Centre → Village Shopping Centre,Village Shopping Centre,21,62,20.6,62.1,30.0,3,37.3,
F3,feeder,Stavanger Dr near  Staples → Torbay Rd at Glenbrook Lodge,Torbay Rd at Glenbrook Lodge,3,14,5.2,21.1,30.0,2,25.3,
F4,feeder,Kings Bridge Rd at Lake Ave → Kings Bridge Rd at Lake Ave,"Kings Bridge Rd at Lake Ave, Cornwall Ave after Craigmillar Ave",3,22,9.6,37.2,30.0,2,22.3,
F5,feeder,Cornwall Ave after Craigmillar Ave → Village Shopping Centre,"Cornwall Ave after Craigmillar Ave, Village Shopping Centre",3,13,4.8,13.3,30.0,1,16.0,
F6,feeder,Village Shopping Centre → Village Shopping Centre,Village Shopping Centre,22,59,21.4,67.5,30.0,3,40.5,
F7,feeder,Paradise Double Ice Complex → Avalon Mall,Avalon Mall,30,34,12.3,41.3,30.0,4,49.5,
F8,feeder,Village Shopping Centre → Avalon Mall,"Village Shopping Centre, Avalon Mall",19,30,9.6,33.2,30.0,3,39.9,
F9,feeder,Kelsey Dr at Walmart → Thorburn Rd opp Picea Ln,Thorburn Rd opp Picea Ln,10,13,3.7,12.6,30.0,1,15.1,
F10,feeder,Thorburn Rd at Avalon Mall → MUN Centre,"Thorburn Rd at Avalon Mall, MUN Centre",10,4,2.0,8.4,30.0,1,10.1,few stops: candidate for on-demand service
F11,feeder,Elizabeth Ave opp Whiteway St → Harvey Rd at Longs Hill,"Elizabeth Ave opp Whiteway St, Harvey Rd at Longs Hill",10,6,2.2,7.5,30.0,1,9.0,
F12,feeder,Ladysmith Dr at Maurice Putt Cres → Thorburn Rd opp Picea Ln,Thorburn Rd opp Picea Ln,26,18,7.1,18.8,30.0,2,22.5,
F13,feeder,Thorburn Rd opp Picea Ln → MUN Centre,"Thorburn Rd opp Picea Ln, MUN Centre",26,6,2.4,10.9,30.0,1,13.0,few stops: candidate for on-demand service
F14,feeder,Avalon Mall → Clinch Cres near Arctic Ave,"Avalon Mall, Clinch Cres near Arctic Ave",16,6,3.5,14.2,30.0,2,17.0,few stops: candidate for on-demand service
F15,feeder,Empire Ave opp Kellys Brook Apts → Topsail Rd at Hazelwood Elem,"Empire Ave opp Kellys Brook Apts, Topsail Rd at Hazelwood Elem",12,20,5.4,19.9,30.0,2,23.9,
F16,feeder,Robin Hood Bay Rd near Logy Bay Rd → Logy Bay Rd at Logy Bay Manor,Logy Bay Rd at Logy Bay Manor,9,12,3.7,9.0,30.0,1,10.8,
F17,feeder,MacDonald Dr after Guzzwell Dr → Elizabeth Ave before New Cove Rd,"MacDonald Dr after Guzzwell Dr, Elizabeth Ave before New Cove Rd",9,4,1.9,6.7,30.0,1,8.0,few stops: candidate for on-demand service
F18,feeder,Elizabeth Ave before New Cove Rd → Ridge Rd before Gloucester St,"Elizabeth Ave before New Cove Rd, Ridge Rd before Gloucester St",9,12,3.5,9.8,30.0,1,11.7,
F19,feeder,Paradise Double Ice Complex → Avalon Mall,Avalon Mall,30,19,11.2,27.3,30.0,3,32.7,
F20,feeder,Kings Bridge Rd at Lake Ave → Logy Bay Rd at Logy Bay Manor,"Kings Bridge Rd at Lake Ave, Logy Bay Rd at Logy Bay Manor",2,19,4.6,13.3,30.0,1,16.0,
F21,feeder,Airport near Arrivals → Newfoundland Dr before Torbay Rd,Newfoundland Dr before Torbay Rd,14,15,5.6,17.5,30.0,2,21.0,
F22,feeder,Cashin Ave before Pennywell Rd → Cashin Ave before Pennywell Rd,Cashin Ave before Pennywell Rd,11,24,11.0,40.3,30.0,2,24.2,
F23,feeder,Topsail Rd before Road De Luxe → Perlin St before Brookfield Rd,Topsail Rd before Road De Luxe,6,17,4.4,12.0,30.0,1,14.4,
F24,feeder,Cuckholds Cove Rd before Maxwell Pl → Military Rd at St Thomas Church,Military Rd at St Thomas Church,15,8,2.1,7.3,30.0,1,8.8,
F25,feeder,Military Rd opp Gathering Place → Elizabeth Ave after Allandale Rd,"Military Rd opp Gathering Place, Elizabeth Ave after Allandale Rd",15,4,1.7,6.0,30.0,1,7.1,few stops: candidate for on-demand service
F26,feeder,Stavanger Dr near  Staples → Newfoundland Dr before Torbay Rd,Newfoundland Dr before Torbay Rd,23,8,2.7,10.8,30.0,1,12.9,
F27,feeder,Signal Hill Rd near Murphys Ln → Military Rd at St Thomas Church,Military Rd at St Thomas Church,29,2,1.2,5.3,30.0,1,6.3,few stops: candidate for on-demand service
F28,feeder,Military Rd opp Gathering Place → Elizabeth Ave opp Whiteway St,"Military Rd opp Gathering Place, Elizabeth Ave opp Whiteway St",29,6,2.4,8.6,30.0,1,10.3,few stops: candidate for on-demand service
F29,feeder,Thorburn Rd opp Picea Ln → Mount Scio Rd opp Easter Seals,Thorburn Rd opp Picea Ln,29,3,1.7,4.4,30.0,1,5.3,few stops: candidate for on-demand service
F30,feeder,Mount Scio Rd opp Easter Seals → Ridge Rd before Gloucester St,Ridge Rd before Gloucester St,29,3,2.0,6.7,30.0,1,8.0,few stops: candidate for on-demand service
F31,feeder,Danny Dr near Marshalls → Village Shopping Centre,Village Shopping Centre,20,5,8.0,17.8,30.0,2,21.3,few stops: candidate for on-demand service
