stop_id,stop_name,lat,lon,status,lines,walk_to_trunk_m
2646,Seaborn St opp McLaren Pl,47.56552,-52.76978,feeder stop,F160,911
1415,The Boulevard opp CNIB,47.579881,-52.699239,feeder stop,F212,527
1835,Military Rd at Bannerman Park,47.57014,-52.707104,trunk stop,T2,0
2350,Waterford Bridge Rd before Westmount Pl,47.53346,-52.738043,feeder stop,F214,484
2825,Campbell Ave before Cashin Ave,47.554389,-52.733489,walk to nearby stop,,150
3220,Higgins Line before Fox Ave,47.591528,-52.728314,"removed (trunk passes, stop consolidated)",,169
3225,Higgins Line opp Pinsent Pl,47.593393,-52.728291,trunk stop,"T1, T5",0
3230,Higgins Line before Portugal Cove Rd,47.594702,-52.727241,"removed (trunk passes, stop consolidated)",,173
3240,Newfoundland Dr after Kingfisher Pl,47.59725,-52.720328,walk to nearby stop,,237
3245,Newfoundland Dr after Stirling Cres,47.59744,-52.717186,trunk stop,T5,0
3250,Newfoundland Dr before Torbay Rd,47.598808,-52.712164,trunk stop,T5,0
3255,Majors Path at Lockheed St,47.610862,-52.724339,feeder stop,F220,1416
3260,Majors Path at Eastern Health Bldg,47.610154,-52.725164,feeder stop,F220,1393
3265,Majors Path after Hebron Way,47.607769,-52.732194,feeder stop,F220,1411
3295,Viscount St after Portugal Cove Rd,47.610236,-52.751908,feeder stop,F221,2578
3310,Airport Heights Dr after Viscount St,47.605394,-52.756228,feeder stop,F222,2488
3315,Airport Heights Dr before Firdale Dr,47.605114,-52.750541,feeder stop,F222,2116
3320,Airport Heights Dr before Otter Dr,47.604972,-52.747552,feeder stop,F221,1954
3325,Airport Heights Dr before Gairlock St,47.602344,-52.743758,feeder stop,F222,1522
3330,Airport Heights Dr before Halls Rd,47.60114,-52.74054,feeder stop,F222,1259
3335,Branscombe St after Halls Rd,47.598691,-52.740629,feeder stop,F222,1095
3340,Branscombe St civic 60,47.597316,-52.73642,feeder stop,F222,748
3350,Majors Path at International Pl,47.60439,-52.735605,feeder stop,F221,1254
3355,Majors Path before Hebron Way,47.607989,-52.731708,feeder stop,F220,1411
3370,Torbay Rd after Penney Ln,47.603964,-52.717753,feeder stop,F220,510
3380,Newfoundland Dr before Stirling Cres,47.597633,-52.717203,trunk stop,T5,0
3385,Newfoundland Dr before Sackville St,47.597441,-52.721433,"removed (trunk passes, stop consolidated)",,218
3395,Bells Turn,47.594577,-52.729042,walk to nearby stop,,149
3400,Hunts Lane after Portugal Cove Pl,47.596486,-52.730722,walk to nearby stop,,393
3405,Hunts Lane opp Kelly St,47.595097,-52.732703,walk to nearby stop,,379
3410,Gloucester St after Portugal Cove Pl,47.594139,-52.734947,feeder stop,F209,500
3415,Gloucester St opp Alice Dr,47.59327,-52.736418,feeder stop,F209,565
3420,Gloucester St civic 63,47.590624,-52.737265,feeder stop,F209,455
3425,Forest Rd after Quidi Vidi Rd,47.575319,-52.697542,feeder stop,F212,421
3430,Forest Rd opp Miller Ctr,47.576232,-52.695545,feeder stop,F212,564
3435,Empire Ave near Forest Rd,47.57447,-52.69968,walk to nearby stop,,302
3440,Bonaventure Ave opp The Rooms,47.566992,-52.712383,walk to nearby stop,,266
3445,Bonaventure Ave before Fleming St,47.56998,-52.7177,feeder stop,F210,449
3450,Bonaventure Ave before Barnes Rd,47.569076,-52.715286,walk to nearby stop,,336
3455,Bonaventure Ave before Merrymeeting Rd,47.568261,-52.714347,walk to nearby stop,,272
3460,Bonaventure Ave before Empire Ave,47.57002,-52.71946,feeder stop,F210,506
3465,Bonaventure Ave at The Rooms,47.56681,-52.71218,walk to nearby stop,,266
3470,Whiteway St,47.570669,-52.725325,feeder stop,F208,713
3475,Empire Ave after Kings Bridge Rd,47.574992,-52.701871,walk to nearby stop,,122
3476,Forest Rd after Empire Ave,47.57449,-52.69887,walk to nearby stop,,354
3480,Rodney St,47.57078,-52.72721,feeder stop,F208,684
3490,Allandale Rd near Burtons Pond Rd,47.57491,-52.72676,feeder stop,F208,673
3495,Forest Rd at King Edward Pl,47.576862,-52.693719,feeder stop,F212,715
3500,Baird Pl at Wicklow St,47.566978,-52.747875,feeder stop,F159,455
3510,Baird Pl at Oxen Pond Rd,47.565317,-52.749072,feeder stop,F159,474
3515,Forest Rd civic 180,47.57879,-52.68782,feeder stop,F212,1198
3520,Oxen Pond Rd before Larkhall St,47.565564,-52.752615,walk to nearby stop,,383
3530,Larkhall St before Donegal Pl,47.563697,-52.754958,walk to nearby stop,,171
3535,Regatta Terr before Regiment Rd,47.58062,-52.682725,feeder stop,F212,1614
3540,Cuckholds Cove Rd before Maxwell Pl,47.579625,-52.681228,feeder stop,F212,1691
3550,Forest Rd opp civic 200,47.579669,-52.685378,feeder stop,F212,1392
3555,Forest Rd civic 179,47.57895,-52.687636,feeder stop,F212,1198
3560,Forest Rd civic 153,47.578017,-52.690556,feeder stop,F212,969
3565,Forest Rd before Lake View Ave,47.577,-52.69363,feeder stop,F212,715
3570,Polina Rd before Neptune Rd,47.557692,-52.750664,feeder stop,F159,492
3575,Baccalieu St,47.556561,-52.750731,feeder stop,F159,490
3577,Old Pennywell Rd at Prospero Pl,47.556219,-52.749046,walk to nearby stop,,380
3580,Old Pennywell Rd before Prospero Pl,47.556174,-52.749125,walk to nearby stop,,380
3585,Portugal Cove Rd opp Chancellor Pk,47.593881,-52.725633,trunk stop,T1,0
3595,Portugal Cove Rd before Maypark Pl,47.591403,-52.723017,trunk stop,T1,0
3630,Ennis Ave after Slattery Rd,47.590111,-52.704453,feeder stop,F223,441
3635,Ennis Ave after Warren St,47.587806,-52.704181,walk to nearby stop,,326
3640,Ennis Ave opp Parsons Rd,47.585481,-52.704656,walk to nearby stop,,345
3645,Bay Bulls Rd before Old Petty Harbour Rd,47.52415,-52.74802,feeder stop,F158,1164
1420,Legion Rd before Churchill Ave,47.583898,-52.692847,feeder stop,F212,1153
1425,Churchill Ave before Langley Rd,47.583419,-52.695819,feeder stop,F212,981
1440,Charter Ave bldg 77,47.586496,-52.691899,feeder stop,F224,1133
1445,Charter Ave opp Janeway Pl,47.588503,-52.688534,feeder stop,F224,1105
1450,Charter Ave before Veterans Rd,47.588773,-52.686632,feeder stop,F224,1162
1460,Newfoundland Dr before Watson St,47.592617,-52.687272,feeder stop,F224,818
1465,Newfoundland Dr before Montague St,47.594061,-52.688094,feeder stop,F224,658
1470,Montague St before Drake Cres,47.596432,-52.688356,feeder stop,F224,543
1480,Montague St after Watson Cres,47.599339,-52.688275,feeder stop,F224,595
1495,Newfoundland Dr after Middleton St,47.597036,-52.694733,walk to nearby stop,,71
1500,Newfoundland Dr at Logy Bay Rd,47.598196,-52.6977,"removed (trunk passes, stop consolidated)",,94
1505,Logy Bay Rd at Logy Bay Manor,47.597761,-52.698567,trunk stop,T1,0
1510,Logy Bay Rd opp Fairwood St,47.596361,-52.699792,walk to nearby stop,,156
1515,MacDonald Dr after Guzzwell Dr,47.593986,-52.702147,trunk stop,"T1, T1",0
1520,MacDonald Dr before Dufferin Pl,47.593583,-52.705878,walk to nearby stop,,265
1530,Torbay Rd at Glenbrook Lodge,47.589064,-52.709747,walk to nearby stop,,225
1535,Elizabeth Ave before New Cove Rd,47.585293,-52.709471,walk to nearby stop,,110
1540,Elizabeth Ave at Regatta Plaza,47.583144,-52.711032,walk to nearby stop,,155
1542,Elizabeth Ave after Portugal Cove Rd,47.581564,-52.713972,walk to nearby stop,,398
1545,Elizabeth Ave before Downing St,47.580317,-52.716312,feeder stop,F223,584
1550,Elizabeth Ave before Long Pond Rd,47.578175,-52.720403,feeder stop,F223,792
1555,Elizabeth Ave opp Churchill Square,47.575142,-52.723974,feeder stop,F223,920
1560,Elizabeth Ave after Allandale Rd,47.573044,-52.726598,feeder stop,F208,672
1565,Elizabeth Ave after Russell Rd,47.571792,-52.728838,feeder stop,F208,543
1575,Elizabeth Ave opp Whiteway St,47.56707,-52.735998,feeder stop,F208,440
1585,Freshwater Rd before Oxen Pond Rd,47.563114,-52.741108,trunk stop,T2,0
1605,OLeary Ave before Peet St,47.560369,-52.760339,trunk stop,"T1, T2",0
1610,Peet Street,47.558415,-52.760229,walk to nearby stop,,217
1611,Kenmount Rd after Peet St,47.55756,-52.75858,walk to nearby stop,,281
1613,Kenmount Rd before Kelsey Dr,47.551041,-52.777308,feeder stop,F206,1637
1614,Kenmount Rd after Pippy Pl,47.555139,-52.76738,feeder stop,F207,786
1615,Kenmount Rd after Polina Rd,47.559352,-52.750975,walk to nearby stop,,380
1620,Freshwater Rd before Crosbie Rd,47.561019,-52.746348,trunk stop,"T1, T2",0
1625,Freshwater Rd after Stamps Ln,47.5629,-52.741389,trunk stop,T2,0
1635,Elizabeth Ave before Whiteway St,47.56695,-52.735835,feeder stop,F208,440
1640,Elizabeth Ave before Baltimore St,47.569269,-52.733298,feeder stop,F208,455
1655,Elizabeth Ave before Bonaventure Ave,47.572658,-52.726916,feeder stop,F208,672
1660,Elizabeth Ave at Churchill Square,47.575331,-52.723293,feeder stop,F223,920
1665,Elizabeth Ave after Long Pong Rd,47.577922,-52.720578,feeder stop,F223,792
1670,Elizabeth Ave after Carpasian Rd,47.5799,-52.716871,feeder stop,F223,639
1675,Elizabeth Ave before Portugal Cove Rd,47.581167,-52.714373,walk to nearby stop,,398
1680,Elizabeth Ave before New Cove Rd,47.582591,-52.711615,walk to nearby stop,,211
1685,Elizabeth Ave before Torbay Rd,47.584322,-52.709748,trunk stop,T4,0
1690,Torbay Rd at Sobeys,47.58724,-52.708449,trunk stop,T1,0
1695,Torbay Rd before Slattery Rd,47.588314,-52.709481,"removed (trunk passes, stop consolidated)",,142
1705,MacDonald Dr before Ennis Ave,47.593028,-52.708156,"removed (trunk passes, stop consolidated)",,155
1710,MacDonald Dr before Logy Bay Rd,47.593817,-52.702612,trunk stop,"T1, T1",0
1715,Logy Bay Rd before Newfoundland Dr,47.59732,-52.698748,trunk stop,T1,0
1720,Newfoundland Dr opp Rutledge Cres,47.598032,-52.697778,"removed (trunk passes, stop consolidated)",,94
1725,Newfoundland Dr opp Pickmore Pl,47.597249,-52.695619,trunk stop,T1,0
1730,Middleton St at Virginia Park School,47.598008,-52.693314,walk to nearby stop,,192
1735,Montague St after Pole Cres,47.599721,-52.690446,feeder stop,F224,483
1740,Montague St opp Watson Cres,47.599036,-52.688173,feeder stop,F224,595
1750,Montague St before Newfoundland Dr,47.5966,-52.688561,feeder stop,F224,543
1755,Newfoundland Dr at Pleasant View Towers,47.594114,-52.688306,feeder stop,F224,658
1760,Newfoundland Dr before East White Hills Rd,47.59237,-52.687311,feeder stop,F224,818
1765,Charter Ave after Veterans Rd,47.588854,-52.686329,feeder stop,F224,1162
1770,Charter Ave after Janeway Pl,47.588386,-52.689039,feeder stop,F224,1105
1775,Charter Ave before St Johns Pl,47.586581,-52.691956,feeder stop,F224,1133
1780,Charter Ave before Placentia Pl,47.585269,-52.693786,feeder stop,F212,1137
1785,Langley Rd,47.584299,-52.696293,feeder stop,F212,985
1795,Churchill Ave before Legion Rd,47.583258,-52.696684,feeder stop,F212,919
1800,Legion Road,47.583775,-52.693486,feeder stop,F212,1153
1805,The Boulevard after Pleasantville Ave,47.580614,-52.697972,feeder stop,F212,648
1810,The Boulevard before Kennas Hill,47.57855,-52.701597,walk to nearby stop,,305
1820,Kings Bridge Rd before Military Rd,47.572134,-52.70207,trunk stop,"T2, T4",0
1825,Military Rd at St Thomas Church,47.571395,-52.702265,"removed (trunk passes, stop consolidated)",,95
1830,Military Rd before Bannerman St,47.571265,-52.705096,trunk stop,T2,0
2355,Waterford Bridge Rd opp Waterford Ave,47.535306,-52.736192,walk to nearby stop,,386
2410,Waterford Bridge Rd before Chuckley Pear Pl,47.536467,-52.735248,walk to nearby stop,,378
2415,Waterford Bridge Rd opp Waterford Ln,47.535079,-52.736656,walk to nearby stop,,386
2420,Waterford Bridge Rd at Beaconsfield School,47.532951,-52.738803,feeder stop,F214,524
2425,Waterford Bridge Rd at Littledale,47.531499,-52.740206,feeder stop,F214,558
2430,Waterford Bridge Rd after Bay Bulls Rd,47.52955,-52.743942,feeder stop,F214,645
2435,Waterford Bridge Rd opp Bowring Pk Duck Pond,47.529281,-52.746163,feeder stop,F214,663
2445,Waterford Bridge Rd after Cowan Ave,47.527031,-52.752961,feeder stop,F213,783
2450,Waterford Bridge Rd opp Park Rd,47.525614,-52.757069,feeder stop,F213,977
2455,Waterford Bridge Rd before Brookfield Rd,47.524839,-52.7598,feeder stop,F121,1142
2460,Brookfield Rd at Mifflin Ct,47.523937,-52.761729,feeder stop,F121,1300
2470,Grieve St,47.52054,-52.76557,feeder stop,F121,1771
2475,Hawker Cres,47.518419,-52.763832,feeder stop,F121,1917
2480,Earhart St before Perlin St,47.51798,-52.760787,feeder stop,F121,1878
2485,Earhart St before Cormack St,47.519139,-52.760406,feeder stop,F121,1747
2490,Perlin St before Waterford Hgts S,47.520464,-52.760358,feeder stop,F121,1607
2495,Perlin St before Brookfield Rd,47.522208,-52.762456,feeder stop,F121,1493
2500,Brookfield Rd before Waterford Bridge Rd,47.523839,-52.761539,feeder stop,F121,1300
2505,Brookfield Rd opp Knowling St,47.525819,-52.76145,feeder stop,F121,1111
2510,Steer St,47.525278,-52.764243,feeder stop,F121,1287
2515,Doyle St,47.524181,-52.76613,feeder stop,F121,1472
2525,Burgeo St before Ferryland St W,47.52568,-52.77001,feeder stop,F106,1576
2530,Canada Dr after Burgeo St,47.5278,-52.771209,feeder stop,F71,1544
2535,Canada Dr before Burin St,47.528868,-52.768342,feeder stop,F72,1283
2540,Canada Dr after Renews St,47.530642,-52.764703,feeder stop,F64,952
2545,Canada Dr opp Cowan Hgts Elem,47.531698,-52.763029,feeder stop,F48,792
2550,Cowan Ave before Topsail Rd,47.53104,-52.75851,feeder stop,F112,528
2555,Topsail Rd before Holbrook Ave,47.53097,-52.7558,walk to nearby stop,,399
2560,Thorburn Rd opp Picea Ln,47.563575,-52.759125,walk to nearby stop,,359
2565,Thorburn Rd before Mount Scio Rd,47.564289,-52.76205,feeder stop,F160,447
2570,Thorburn Rd after Bambrick St,47.564647,-52.766325,feeder stop,F160,654
2575,Goldstone St opp Sorrel Dr,47.56425,-52.771422,feeder stop,F160,939
2580,Kelsey Dr after Messenger Dr,47.558737,-52.781581,feeder stop,F160,1604
2615,Kelsey Dr at Sobeys,47.552675,-52.780892,feeder stop,F197,1764
2620,Kenmount Rd at Sandman Hotel,47.552298,-52.773889,feeder stop,F206,1356
2622,Kenmount Rd at Fairfield Inn,47.553947,-52.770225,feeder stop,F207,1030
2625,Pippy Pl at Canada Post Office,47.555781,-52.767033,feeder stop,F207,724
2626,Kenmount Rd at Academy Canada,47.555727,-52.764753,feeder stop,F207,613
2630,Pippy Pl after OLeary Ave,47.558603,-52.769606,feeder stop,F161,723
2640,Pippy Pl before Duffy Pl,47.562517,-52.772167,feeder stop,F160,919
2645,Goldstone St at Sorrel Dr,47.564002,-52.771664,feeder stop,F160,939
2647,Seaborn St after Faulkner St,47.56623,-52.76655,feeder stop,F160,801
2648,Bambrick St,47.56562,-52.76538,feeder stop,F160,696
2650,Thorburn Rd after Wigmore Ct,47.564128,-52.762188,feeder stop,F160,447
2655,Thorburn Rd before Picea Ln,47.563458,-52.759413,walk to nearby stop,,359
2660,Thorburn Rd at Avalon Mall,47.562114,-52.75395,trunk stop,"T1, T2",0
2665,Clinch Cres opp Warners Rd,47.56918,-52.74518,walk to nearby stop,,277
2670,Clinch Cres at Janeway,47.572631,-52.743789,feeder stop,F208,434
2675,Clinch Cres before Warners Rd,47.569019,-52.744689,walk to nearby stop,,277
2680,Westerland Rd opp Irwins Rd,47.570838,-52.737063,walk to nearby stop,,126
2685,Anderson Ave before Howlett Ave,47.565285,-52.736247,walk to nearby stop,,298
2695,Freshwater Rd at Keane Pl,47.56312,-52.728377,walk to nearby stop,,62
2700,Merrymeeting Rd after Freshwater Rd,47.563389,-52.724572,"removed (trunk passes, stop consolidated)",,270
2705,Merrymeeting Rd before Blatch Ave,47.56467,-52.72166,trunk stop,T2,0
2710,Merrymeeting Rd before Cook St,47.565287,-52.719335,"removed (trunk passes, stop consolidated)",,187
2715,Merrymeeting Rd before Parade St,47.566099,-52.716048,trunk stop,T2,0
2730,Queens Rd at Bates Hill,47.562841,-52.710654,walk to nearby stop,,289
2735,Gower St before Church Hill,47.564944,-52.709109,walk to nearby stop,,318
2740,Longs Hill opp Livingstone St,47.564952,-52.710716,walk to nearby stop,,229
2755,Merrymeeting Rd at Feild St,47.56585,-52.717564,walk to nearby stop,,117
2760,Merrymeeting Rd at Mayor Ave,47.5652,-52.720211,walk to nearby stop,,124
2765,Merrymeeting Rd before Rankin St,47.564472,-52.72255,walk to nearby stop,,70
2770,Merrymeeting Rd before Freshwater Rd,47.5634,-52.724875,"removed (trunk passes, stop consolidated)",,270
2775,Freshwater Rd before Winchester St,47.56315,-52.7292,trunk stop,T2,0
2785,Freshwater Rd before Elizabeth Ave,47.563286,-52.738425,walk to nearby stop,,214
2790,Westerland Rd before Prince Philip Dr,47.570069,-52.735638,walk to nearby stop,,262
2805,Crosbie Rd before Crosbie Pl,47.560903,-52.744555,"removed (trunk passes, stop consolidated)",,145
2810,Crosbie Rd opp Swilers Club,47.558866,-52.742842,trunk stop,T1,0
2820,Mundy Pond Rd before Ropewalk Ln,47.55495,-52.73414,walk to nearby stop,,218
1010,Topsail Rd at Hazelwood Elem,47.53504,-52.74517,trunk stop,T2,0
1015,Topsail Rd after Hazelwood Cres,47.535846,-52.743286,"removed (trunk passes, stop consolidated)",,181
1020,Topsail Rd before Road De Luxe,47.537489,-52.740131,trunk stop,T2,0
1025,Cornwall Ave after Old Topsail Rd,47.539536,-52.737917,walk to nearby stop,,93
1030,Cornwall Ave near Glenview Terr,47.541247,-52.736528,walk to nearby stop,,307
1035,Cornwall Ave after Craigmillar Ave,47.542672,-52.734919,walk to nearby stop,,136
1040,Cornwall Ave opp OReilly St,47.543706,-52.734225,trunk stop,"T2, T3",0
1045,Cornwall Ave after Cornwall Cres,47.5454,-52.733028,"removed (trunk passes, stop consolidated)",,225
1055,Symonds Ave before Carson Ave,47.55103,-52.729148,trunk stop,T3,0
1060,Cashin Ave after Blackmarsh Rd,47.55281,-52.730086,"removed (trunk passes, stop consolidated)",,192
1065,Cashin Ave before Campbell Ave,47.554278,-52.731292,trunk stop,T3,0
1070,Cashin Ave before Pennywell Rd,47.556729,-52.733201,trunk stop,T3,0
1075,Cashin Ave at Prowse Ave,47.558047,-52.734254,"removed (trunk passes, stop consolidated)",,165
1080,Empire Ave after Cashin Ave,47.558944,-52.73595,"removed (trunk passes, stop consolidated)",,179
1090,Ropewalk Lane at Sobeys,47.556057,-52.736698,walk to nearby stop,,214
1095,Empire Ave before Crosbie Rd,47.556156,-52.741608,"removed (trunk passes, stop consolidated)",,182
1105,Crosbie Rd bldg 64,47.557759,-52.743143,trunk stop,"T1, T3",0
1115,Terra Nova Rd before Stamps Ln,47.559828,-52.741689,walk to nearby stop,,132
1120,Stamps Ln after Wishingwell Rd,47.561653,-52.741322,trunk stop,T1,0
1125,Oxen Pond Rd after Freshwater Rd,47.563492,-52.742806,"removed (trunk passes, stop consolidated)",,125
1130,University Ave at Oxen Pond Rd,47.564075,-52.743191,walk to nearby stop,,84
1135,University Ave after Curtis Pl,47.565583,-52.742525,walk to nearby stop,,93
1140,University Ave before CBC,47.569167,-52.740242,walk to nearby stop,,112
1145,Clinch Cres near Arctic Ave,47.571841,-52.738179,trunk stop,T1,0
1165,Portugal Cove Rd after Prince Philip Dr,47.590636,-52.721217,walk to nearby stop,,160
1170,Portugal Cove Rd at Chancellor Park,47.593886,-52.725335,trunk stop,T1,0
1175,Higgins Line after Portugal Cove Rd,47.594747,-52.727619,"removed (trunk passes, stop consolidated)",,173
1180,Higgins Line after Pinsent Pl,47.593233,-52.728508,trunk stop,"T1, T5",0
1185,Ridge Rd opp YMCA,47.589975,-52.730275,walk to nearby stop,,83
1190,Ridge Rd before Gloucester St,47.588372,-52.734146,walk to nearby stop,,233
1200,Ridge Rd opp civic 30,47.589439,-52.731464,trunk stop,"T1, T5",0
1205,Higgins Line near Dublin Rd,47.587625,-52.728536,walk to nearby stop,,150
1210,Allandale Rd opp Confed Bldg,47.58345,-52.728694,walk to nearby stop,,70
1215,University Ave before Paton St,47.568497,-52.741353,trunk stop,T1,0
1220,University Ave after Hatcher St,47.566922,-52.742511,"removed (trunk passes, stop consolidated)",,195
1225,University Ave opp Curtis Pl,47.564755,-52.742695,trunk stop,T1,0
1230,Oxen Pond Rd before Freshwater Rd,47.563344,-52.742778,"removed (trunk passes, stop consolidated)",,125
1232,Stamps Ln before Wishingwell Rd,47.56174,-52.7415,trunk stop,T1,0
1235,Wishingwell Rd before Crosbie Rd,47.560419,-52.743003,"removed (trunk passes, stop consolidated)",,177
1240,Allandale Rd Arts and Culture Centre,47.57523,-52.72738,feeder stop,F208,673
1250,Empire Ave before Cordage Pl,47.555967,-52.741751,"removed (trunk passes, stop consolidated)",,182
1255,Empire Ave before Ropewalk Ln,47.557072,-52.739383,walk to nearby stop,,153
1260,Empire Ave opp Kellys Brook Apts,47.558025,-52.737648,trunk stop,T3,0
1265,Cashin Ave before Prowse Ave,47.558466,-52.734867,walk to nearby stop,,228
1270,Cashin Ave after Pennywell Rd,47.556689,-52.733417,trunk stop,T3,0
1275,Cashin Ave after Campbell Ave,47.554347,-52.731461,trunk stop,T3,0
1280,Cashin Ave before Blackmarsh Rd,47.552797,-52.730175,"removed (trunk passes, stop consolidated)",,192
1285,Symonds Ave after Albany Pl,47.550356,-52.729561,walk to nearby stop,,81
1295,Cornwall Ave after Cornwall Hgts,47.544744,-52.7336,walk to nearby stop,,141
1300,Cornwall Ave after OReilly St,47.543467,-52.734483,trunk stop,"T2, T3",0
1305,Cornwall Ave after Glenview Terr,47.540769,-52.737227,"removed (trunk passes, stop consolidated)",,236
1310,Topsail Rd opp Old Topsail Rd,47.538914,-52.738742,trunk stop,"T2, T3",0
1315,Topsail Rd before Colville Pl,47.537661,-52.740186,trunk stop,T2,0
1320,Topsail Rd before Forbes St,47.536242,-52.742783,"removed (trunk passes, stop consolidated)",,181
1325,Topsail Rd before Columbus Dr,47.535364,-52.745028,trunk stop,T2,0
1330,Langley Rd,47.584507,-52.695711,feeder stop,F212,985
1335,Hamilton Ave after Symonds Ave,47.549081,-52.728747,"removed (trunk passes, stop consolidated)",,220
1340,Lemarchant Rd after Hamilton Ave,47.550661,-52.726303,trunk stop,T2,0
1345,Lemarchant Rd after Bennett Ave,47.553094,-52.724211,trunk stop,T2,0
1350,Lemarchant Rd after Pleasant St,47.555322,-52.7223,"removed (trunk passes, stop consolidated)",,260
1355,Lemarchant Rd opp St Clares Hospital,47.55738,-52.72048,trunk stop,T2,0
1360,Lemarchant Rd after Casey St,47.559251,-52.718878,"removed (trunk passes, stop consolidated)",,279
1365,Lemarchant Rd after Barters Hill,47.561831,-52.716706,trunk stop,T2,0
1375,Baird Place at Oxen Pond Rd,47.56539,-52.748826,feeder stop,F159,474
1380,Military Rd opp Gathering Place,47.567793,-52.708903,trunk stop,T2,0
1385,Military Rd after Kings Rd,47.56948,-52.70749,walk to nearby stop,,79
1390,Military Rd before Cochrane St,47.571197,-52.704537,trunk stop,T2,0
1400,Kings Bridge Rd at Kings Bridge Ct,47.573824,-52.702481,walk to nearby stop,,190
1410,The Boulevard before Carnell Dr,47.578417,-52.701719,walk to nearby stop,,305
1855,Lemarchant Rd after Boncloddy St,47.562622,-52.716356,walk to nearby stop,,92
1860,Lemarchant Rd after Prince of Wales St,47.560969,-52.7177,walk to nearby stop,,121
1865,Lemarchant Rd before St Clare Ave,47.559539,-52.718883,"removed (trunk passes, stop consolidated)",,279
1870,Lemarchant Rd at St Clares Hospital,47.557342,-52.720719,trunk stop,T2,0
1875,Lemarchant Rd before Roberts Pl,47.556111,-52.721786,walk to nearby stop,,165
1880,Lemarchant Rd at Shoppers Drug Mart,47.554122,-52.723481,walk to nearby stop,,127
1885,Lemarchant Rd before Hamilton Ave,47.550683,-52.726431,trunk stop,T2,0
1890,Hamilton Ave before Symonds Ave,47.549028,-52.729072,"removed (trunk passes, stop consolidated)",,220
1895,Craigmillar Ave after Cornwall Ave,47.542114,-52.734832,walk to nearby stop,,136
1900,Craigmillar Ave opp Ryan St,47.543807,-52.73075,walk to nearby stop,,272
1905,Craigmillar Ave civic 69,47.544686,-52.728838,walk to nearby stop,,372
1910,Craigmillar Ave before Old Topsail Rd,47.545127,-52.726755,feeder stop,F215,438
1915,Old Topsail Rd before Shaw St,47.545847,-52.723514,feeder stop,F215,578
1920,Old Topsail Rd at Buckleys Ln,47.546803,-52.721981,feeder stop,F215,542
1925,Water St before Blackhead Rd,47.548347,-52.720002,feeder stop,F215,536
1930,Water St before Sudbury St,47.549939,-52.718256,feeder stop,F215,568
1935,Water St opp Patrick St,47.552383,-52.715428,feeder stop,F216,664
1940,Water St at Railway Museum,47.554794,-52.713659,feeder stop,F216,594
1975,Water St at Harbourside Park,47.567325,-52.70341,feeder stop,F211,418
1980,Duckworth St before Hill OChips,47.569542,-52.701608,walk to nearby stop,,270
1985,Cavendish Square,47.570833,-52.700667,walk to nearby stop,,179
1995,New Cove Rd before Chalker Pl,47.578742,-52.70752,"removed (trunk passes, stop consolidated)",,148
2000,New Cove Rd before Berteau Ave,47.581262,-52.70848,trunk stop,T4,0
2005,New Cove Rd before Elizabeth Ave,47.58294,-52.70958,"removed (trunk passes, stop consolidated)",,162
2010,Torbay Rd before Pearson St,47.593975,-52.70929,"removed (trunk passes, stop consolidated)",,220
2015,Torbay Rd at Newfoundland Dr,47.599669,-52.711689,trunk stop,T1,0
2020,Torbay Rd opp Prim Pl,47.602143,-52.71468,walk to nearby stop,,206
2030,Torbay Rd before Stavanger Dr,47.613963,-52.722662,feeder stop,F219,1646
2035,Stavanger Dr near McDonalds,47.615162,-52.719545,feeder stop,F219,1684
2040,Aberdeen Ave at Staples,47.617009,-52.715094,feeder stop,F219,1824
2045,Aberdeen Ave at Eastern Health,47.615225,-52.713219,feeder stop,F219,1619
2050,Stavanger Dr opp Hyde Park,47.614389,-52.708731,feeder stop,F219,1559
2055,Carrick Dr before Paddy Dobbin Dr,47.612432,-52.70663,feeder stop,F219,1393
2060,Carrick Dr opp Baker St,47.610208,-52.706169,feeder stop,F219,1178
2065,Carrick Dr at Highland Dr,47.607107,-52.708389,feeder stop,F219,796
2070,Carrick Dr after Paul Reynolds Centre,47.602228,-52.70807,walk to nearby stop,,393
2072,Newfoundland Dr after Carrick Dr,47.600928,-52.708095,walk to nearby stop,,304
2095,Torbay Rd at Harbour View Ave,47.607067,-52.720589,feeder stop,F220,928
2105,Dunlea St,47.605103,-52.713953,feeder stop,F219,498
2110,Birchwynd St,47.604281,-52.711775,feeder stop,F219,412
2115,Gleneyre St near Paul Reynolds Centre,47.603769,-52.711053,walk to nearby stop,,375
2120,Gleneyre St before Torbay Rd,47.601928,-52.712408,walk to nearby stop,,147
2125,Torbay Rd near Gleneyre St,47.600669,-52.713019,trunk stop,"T1, T5",0
2130,Torbay Rd at Newfoundland Dr,47.59874,-52.711367,walk to nearby stop,,81
2135,Torbay Rd opp Pearson St,47.59512,-52.709811,walk to nearby stop,,347
2140,New Cove Rd before Argyle St,47.582802,-52.709664,"removed (trunk passes, stop consolidated)",,162
2145,New Cove Rd opp Tunis Ct,47.581611,-52.708844,trunk stop,T4,0
2150,New Cove Rd at New Cove Terr,47.579592,-52.707983,walk to nearby stop,,211
2155,New Cove Rd before Kings Bridge Rd,47.577811,-52.705914,trunk stop,T4,0
2160,Duckworth St after Ordnance St,47.569939,-52.701347,walk to nearby stop,,270
2165,Water St at Sir Humphrey Gilbert Bldg,47.567906,-52.702911,walk to nearby stop,,396
2195,Water St at Brennan St,47.555954,-52.713051,feeder stop,F216,588
2200,Water St after Job St,47.554122,-52.714322,feeder stop,F216,593
2205,Water St after Alexander St,47.551622,-52.716819,feeder stop,F216,578
2210,Water St at Sudbury St,47.550643,-52.718143,feeder stop,F216,531
2215,Water St after Leslie St,47.548672,-52.719967,feeder stop,F215,536
2220,Old Topsail Rd before Shaw St,47.547267,-52.721569,feeder stop,F215,523
2225,Craigmillar Ave after Old Topsail Rd,47.545492,-52.725608,feeder stop,F215,485
2230,Craigmillar Ave opp civic 63,47.54472,-52.72915,walk to nearby stop,,372
2235,Craigmillar Ave at Ryan St,47.543365,-52.731918,walk to nearby stop,,184
2240,Craigmillar Ave at Fraser Pl,47.542699,-52.733662,walk to nearby stop,,112
2245,Craigmillar Ave before Cornwall Ave,47.54239,-52.73446,walk to nearby stop,,136
2295,Brookfield Rd after Knowling St,47.525269,-52.761478,feeder stop,F121,1163
2320,Waterford Bridge Rd near Park Rd,47.525642,-52.756453,feeder stop,F213,977
2325,Waterford Bridge Rd before Cowan Ave,47.526978,-52.752736,feeder stop,F213,783
2335,Waterford Bridge Rd at Bowring Park,47.528678,-52.746744,feeder stop,F213,736
2340,Waterford Bridge Rd opp civic 280,47.52943,-52.74329,feeder stop,F214,645
2345,Waterford Bridge Rd opp Littledale,47.531558,-52.739883,feeder stop,F214,558
2830,St Clare Ave after Campbell Ave,47.555275,-52.730067,walk to nearby stop,,158
2835,St Clare Ave opp ONeil Ave,47.556228,-52.72886,walk to nearby stop,,304
2840,St Clare Ave after Mt Royal Ave,47.557073,-52.725148,walk to nearby stop,,323
2845,St Clare Ave before Ricketts Rd,47.557314,-52.723667,walk to nearby stop,,230
2850,St Clares Hospital,47.558168,-52.720699,walk to nearby stop,,97
2855,Blackhead Rd before Southside Rd,47.548526,-52.718243,feeder stop,F215,657
2860,Blackhead Rd before Linegar Ave,47.547764,-52.712178,feeder stop,F215,1062
2865,Linegar Ave before Chafe Ave,47.547439,-52.709622,feeder stop,F215,1263
2870,Dillon Cres civic 63,47.547117,-52.713061,feeder stop,F215,1069
2875,Dillon Cres civic 31,47.545278,-52.715361,feeder stop,F215,1021
2880,Dillon Cres at Linegar Ave,47.543828,-52.717369,feeder stop,F215,1017
2885,Linegar Ave before Hennessey Pl,47.543349,-52.716202,feeder stop,F215,1116
2890,Linegar Ave at Health Centre,47.542836,-52.712977,feeder stop,F215,1330
2900,Linegar Ave opp Community Centre,47.546426,-52.70854,feeder stop,F215,1390
2905,Druken Cres after Druggett Pl,47.548586,-52.708572,feeder stop,F215,1276
2910,Druken Cres before Jordan Pl,47.550831,-52.706397,feeder stop,F215,1290
2915,Jordan Pl,47.550819,-52.708922,feeder stop,F215,1139
2920,Blackhead Rd at Golden Vista,47.547908,-52.712622,feeder stop,F215,1062
2925,Blackhead Rd opp Linegar Ave,47.546842,-52.716741,feeder stop,F215,839
2930,St Clare Ave before Ricketts Rd,47.558306,-52.720547,walk to nearby stop,,97
2935,St Clare Ave after Golf Ave,47.557692,-52.722522,walk to nearby stop,,149
2940,St Clare Ave before Mt Royal Ave,47.557242,-52.724639,walk to nearby stop,,323
2945,St Clare Ave before ONeil Ave,47.556494,-52.728514,walk to nearby stop,,304
2950,St Clare Ave before Campbell Ave,47.555508,-52.72995,walk to nearby stop,,158
2955,Campbell Ave before Ropewalk Ln,47.554653,-52.733203,walk to nearby stop,,150
2960,Mundy Pond Rd Ext,47.55474,-52.734253,walk to nearby stop,,218
2965,Crosbie Rd opp Crosbie Pl,47.560872,-52.744289,"removed (trunk passes, stop consolidated)",,145
2975,Forbes St before Bartlett Pl,47.537101,-52.746924,walk to nearby stop,,252
2980,Boyle St opp Lloyd Cres,47.537649,-52.746614,walk to nearby stop,,295
2985,Boyle St before Harris Rd,47.539186,-52.744299,walk to nearby stop,,377
2990,Boyle St before Anspach St,47.541109,-52.744818,feeder stop,F213,520
2995,Anspach St after Spratt Pl,47.540706,-52.748294,feeder stop,F213,657
3000,Hogan St,47.540194,-52.750856,feeder stop,F213,690
3005,Captain Whelan Dr after Spring Meadow Ct,47.541373,-52.753454,feeder stop,F213,815
3010,Blackmarsh Rd  before Gulliver Pl,47.544007,-52.753457,feeder stop,F213,1112
3015,Blackmarsh Rd after Alderberry Ln,47.544166,-52.749327,feeder stop,F218,1009
3020,Blackmarsh Rd opp Murphys Ave,47.544457,-52.74672,feeder stop,F218,880
3025,Blackmarsh Rd opp Dominion,47.54452,-52.74414,feeder stop,F218,750
3035,Blackmarsh Rd near Fire Station,47.545622,-52.739758,feeder stop,F218,469
3040,Blackler Ave after Blackmarsh Rd,47.547419,-52.739158,feeder stop,F218,558
3045,Blackler Ave before Mundy Pond Rd,47.549158,-52.743944,feeder stop,F218,812
3050,Mundy Pond Rd before Murphys Ln,47.550259,-52.743711,feeder stop,F218,693
3055,Mundy Pond Rd near St Teresas Elem,47.553134,-52.739042,feeder stop,F218,520
3060,Mundy Pond Rd before Ropewalk Ln,47.554029,-52.735041,walk to nearby stop,,291
3065,Ropewalk Lane,47.556429,-52.736864,walk to nearby stop,,214
3070,Empire Ave after Grenfell Ave,47.559719,-52.734158,walk to nearby stop,,354
3075,Empire Ave before ODea Pl,47.561292,-52.73159,walk to nearby stop,,267
3085,Empire Ave after ODea Pl,47.56143,-52.731706,walk to nearby stop,,267
3100,Mundy Pond Rd after Ropewalk Ln,47.554106,-52.73542,walk to nearby stop,,291
3105,Mundy Pond Rd near St Teresas Elem,47.553311,-52.739019,feeder stop,F218,520
3110,Mundy Pond Rd before Murphys Ln,47.551266,-52.742784,feeder stop,F218,585
3115,Mundy Pond Rd before Blackler Ave,47.550208,-52.744022,feeder stop,F218,693
3120,Blackler Ave after Anthony Ave,47.548502,-52.742402,feeder stop,F218,815
3125,Blackler Ave near City Depot,47.547605,-52.740132,feeder stop,F218,623
3130,Blackmarsh Rd after Blackler Ave,47.545793,-52.739745,feeder stop,F218,469
3140,Blackmarsh Rd at Dominion,47.544639,-52.744333,feeder stop,F218,750
3145,Blackmarsh Rd after Murphys Ave,47.544528,-52.747397,feeder stop,F218,880
3150,Blackmarsh Rd after Alderberry Ln,47.544215,-52.750022,feeder stop,F218,1009
3155,Blackmarsh Rd before Jensen Camp Rd,47.544069,-52.753981,feeder stop,F213,1112
3160,Blackmarsh Rd after Welland St,47.542398,-52.757518,feeder stop,F213,987
3165,Captain Whelan Dr after Hamlyn Rd,47.541199,-52.756355,feeder stop,F213,833
3170,Hogan St,47.539945,-52.750788,feeder stop,F213,690
3175,Anspach St after Hogan St,47.539947,-52.74948,feeder stop,F213,622
3180,Anspach St after Hogan St,47.541276,-52.746042,feeder stop,F213,604
3185,Boyle St before Eastaff St,47.540992,-52.744976,feeder stop,F213,520
3190,Boyle St before Lloyd Cres,47.539495,-52.744582,walk to nearby stop,,377
3195,Boyle St civic 17,47.537989,-52.745283,walk to nearby stop,,310
3200,Bartlett Pl,47.537403,-52.747714,walk to nearby stop,,314
3205,Forbes St before Topsail Rd,47.5363,-52.745238,walk to nearby stop,,140
3210,Allandale Rd at Confed Bldg,47.582911,-52.728204,trunk stop,T1,0
3215,Higgins Line after Dublin Rd,47.588961,-52.728266,trunk stop,T1,0
3650,Bay Bulls Rd civic 42,47.520689,-52.751097,feeder stop,F158,1493
6083,Robin Hood Bay Rd near Logy Bay Rd,47.609981,-52.688031,feeder stop,F224,1526
6085,East White Hills Rd opp Eastland Dr,47.607392,-52.67875,feeder stop,F224,1695
6086,East White Hills Rd civic 251,47.602713,-52.682128,feeder stop,F224,1180
6087,Harding Rd at Academy Canada,47.600439,-52.691034,feeder stop,F224,494
6089,Portugal Cove Rd before MacDonald Dr,47.589096,-52.718232,trunk stop,T1,0
6090,Sunvalley Dr at Milton Rd,47.536134,-52.862387,feeder stop,F167,8121
6091,Carlisle Dr at Canterbury Dr,47.534214,-52.838961,feeder stop,F191,6460
6093,Brougham Dr after Canterbury Dr,47.537034,-52.826832,feeder stop,F195,5556
6094,Carlisle Dr before Topsail Rd,47.534186,-52.839278,feeder stop,F191,6460
6095,Sunvalley Dr at Milton Rd,47.535859,-52.862288,feeder stop,F167,8121
6096,Ridge Rd after Gloucester St,47.588227,-52.733988,walk to nearby stop,,233
6097,Ennis Ave at Parsons Rd,47.585365,-52.704769,walk to nearby stop,,345
6098,Ennis Ave opp Parsons Rd,47.587284,-52.70396,walk to nearby stop,,337
6099,Ennis Ave after Hutton Rd,47.589928,-52.704048,feeder stop,F223,441
6100,Robin Hood Bay Rd before East White Hills Rd,47.60966,-52.683303,feeder stop,F224,1660
6101,Tipperary St,47.524588,-52.86833,feeder stop,F190,8728
6102,Tiverton St at Kinkora St,47.525891,-52.868972,feeder stop,F188,8749
6103,Burnaby St after Croydon St,47.526678,-52.870028,feeder stop,F185,8795
6104,McNamara Dr at Topsail Rd,47.527076,-52.872087,feeder stop,F183,8970
6105,Topsail Rd opp Irving Dr,47.529933,-52.868304,feeder stop,F176,8673
6106,Topsail Rd opp Heightview Dr,47.531237,-52.865829,feeder stop,F174,8493
6107,Sunvalley Dr near Topsail Rd,47.531989,-52.860067,feeder stop,F178,8048
6108,Milton Rd after Donna Rd,47.537005,-52.860867,feeder stop,F164,7980
6109,Milton Rd before Discovery Cres,47.537715,-52.857844,feeder stop,F162,7756
6110,Milton Rd before Trails End Dr,47.537908,-52.855349,feeder stop,F166,7535
6111,Trails End Dr near Milton Rd,47.537468,-52.853906,feeder stop,F168,7467
6112,Trails End Dr opp Ranger Ave,47.535071,-52.85447,feeder stop,F172,7584
6113,Trails End Dr before Harp Pl,47.533321,-52.855894,feeder stop,F177,7712
6114,Topsail Rd near Trails End Dr,47.532842,-52.854386,feeder stop,F181,7608
6115,Carlisle Dr before Stonehaven Pl,47.535692,-52.836915,feeder stop,F189,6297
6116,Carlisle Dr before Dungarvan St,47.537952,-52.836603,feeder stop,F182,6243
6117,Carlisle Dr at Horncastle Dr,47.540184,-52.834573,feeder stop,F173,6006
6118,Brougham Dr opp Aragon Cres,47.541282,-52.832867,feeder stop,F170,5819
6119,Brougham Dr opp Superior St,47.540137,-52.82934,feeder stop,F182,5646
6120,Brougham Dr at Ellesmere Ave,47.538336,-52.827798,feeder stop,F189,5625
6121,Brougham Dr civic 98,47.536978,-52.827049,feeder stop,F195,5556
6122,McNamara Dr after Dianne Whalen Dr,47.523162,-52.868491,feeder stop,F194,8749
6123,McNamara Dr at Maverick Pl,47.518517,-52.871951,feeder stop,F198,9092
6124,McNamara Dr before Kenmount Rd,47.515822,-52.871479,feeder stop,F202,9111
6125,Kenmount Rd after McNamara Dr,47.515356,-52.867767,feeder stop,F204,8863
6126,Kenmount Rd at The Paint Shop,47.517805,-52.863132,feeder stop,F203,8479
6127,Kenmount Rd at Paradise Bowl,47.520051,-52.858196,feeder stop,F203,8065
6128,Brougham Dr before Superior St,47.539918,-52.828444,feeder stop,F184,5594
6129,Brougham Dr at Aragon Cres,47.541173,-52.83214,feeder stop,F170,5819
6130,Carlisle Dr after Brougham Dr,47.541242,-52.833977,feeder stop,F170,5922
6131,Carlisle Dr opp Dungarvan St,47.538723,-52.836421,feeder stop,F179,6197
6132,Carlisle Dr opp Stonehaven Pl,47.536297,-52.836896,feeder stop,F187,6298
6133,Topsail Rd at Lawtons Drugs,47.534549,-52.850052,feeder stop,F180,7281
6134,Trails End Dr opp Eagle St,47.533546,-52.855692,feeder stop,F177,7712
6135,Trails End Dr after Ranger Rd,47.535455,-52.854105,feeder stop,F172,7584
6136,Trails End Dr before Milton Rd,47.537251,-52.853702,feeder stop,F168,7467
6137,Milton Rd after Trails End Dr,47.538043,-52.854845,feeder stop,F166,7535
6138,Milton Rd after Discovery Cres,47.537764,-52.858332,feeder stop,F162,7756
6139,Milton Rd before Sunvalley Dr,47.536683,-52.862417,feeder stop,F163,8101
6140,Sunvalley Dr before Topsail Rd,47.532219,-52.860373,feeder stop,F178,8048
6141,Topsail Rd before Paradise Rd,47.531822,-52.862519,feeder stop,F175,8221
6142,Topsail Rd after Heightview Dr,47.531259,-52.866389,feeder stop,F174,8493
6143,Topsail Rd after Irving Rd,47.530131,-52.868573,feeder stop,F176,8673
6148,Burnaby St before Tiverton St,47.526443,-52.869342,feeder stop,F185,8795
6149,Tipperary St,47.524431,-52.868586,feeder stop,F190,8728
6150,Kenmount Rd before Pollard Ave,47.520115,-52.858748,feeder stop,F203,8065
6151,Kenmount Rd civic 1250,47.517858,-52.863672,feeder stop,F203,8479
6152,Kenmount Rd before McNamara Dr,47.515628,-52.867937,feeder stop,F204,8863
6153,McNamara Dr after Kenmount Rd,47.51597,-52.87129,feeder stop,F202,9111
6154,McNamara Dr opp Maverick Pl,47.518937,-52.871239,feeder stop,F196,9031
6155,McNamara Dr at Carpenters Millwright College,47.522806,-52.86839,feeder stop,F194,8749
6144,Kenmount Rd before Brougham Dr,47.534974,-52.825266,feeder stop,F201,5421
6145,Kenmount Rd at Terra Nova Motors,47.541013,-52.801066,feeder stop,F206,3686
6156,Kenmount Rd after Ladysmith Dr,47.547503,-52.786099,feeder stop,F206,2404
6157,Kenmount Rd at Great Eastern Ave,47.542362,-52.798743,feeder stop,F206,3509
6158,Oxen Pond Rd after Larkhall St,47.56532,-52.752654,walk to nearby stop,,383
6160,Baird Place at Canadian Blood Services,47.566766,-52.747901,feeder stop,F159,455
4056,Frecker Dr before Point Leamington St,47.537112,-52.761731,feeder stop,F1,735
6162,Airport near Arrivals,47.612728,-52.747474,feeder stop,F221,2532
6163,World Parkway before Navigator Ave,47.612756,-52.749931,feeder stop,F221,2666
6164,Airport Heights Dr after Elderberry Pl,47.601488,-52.741316,feeder stop,F222,1328
6165,Airport Heights Dr before Canso Pl,47.60369,-52.744603,feeder stop,F222,1676
6166,Airport Heights Dr opp Cherokee Dr,47.605303,-52.747785,feeder stop,F221,1954
6167,Airport Heights Dr opp Penetanguishene Rd,47.605295,-52.751444,feeder stop,F221,2182
6168,Airport Heights Dr before Viscount St,47.605578,-52.756265,feeder stop,F222,2488
6169,Viscount St opp Falcon Pl,47.607443,-52.754863,feeder stop,F221,2538
6170,Viscount St before Portugal Cove Rd,47.609416,-52.752298,feeder stop,F221,2533
6171,Viscount St after Malka Dr,47.607678,-52.754836,feeder stop,F221,2538
6172,Topsail Rd before Thomas Byrne Dr,47.52832,-52.824802,feeder stop,F10,5423
6173,Kenmount Rd opp Ladysmith Dr,47.54724,-52.785769,feeder stop,F206,2404
6174,Great Eastern Ave before Henry Larsen St,47.544906,-52.801316,feeder stop,F200,3523
6175,Kenmount Rd before Kelsey Dr,47.549014,-52.781294,feeder stop,F206,2017
6177,Main Rd after Ruby Line,47.487516,-52.768123,feeder stop,F128,5313
6178,Back Line after Doyles Rd,47.461435,-52.783837,feeder stop,F122,8399
6179,Hebron Way near Canadian Tire,47.616457,-52.727257,feeder stop,F219,2055
6180,Kenmount Rd at Mazda,47.553176,-52.772582,feeder stop,F206,1218
6186,Bonaventure Ave before Empire Ave,47.570048,-52.722431,feeder stop,F210,601
4135,Blackmarsh Rd opp Burdell Pl,47.538997,-52.769106,feeder stop,F217,1324
6189,Empire Ave after Welland St,47.543621,-52.760327,feeder stop,F217,1196
6193,Airport Heights Dr before Argus Pl,47.602403,-52.743455,feeder stop,F222,1522
6194,Neptune Rd before Polina Rd,47.556917,-52.750378,feeder stop,F159,490
6195,Polina Rd before Kenmount Rd,47.558601,-52.751142,feeder stop,F159,444
6196,Newfoundland Dr before Glover Pl,47.595867,-52.691941,walk to nearby stop,,316
6198,Blackmarsh Rd after Westview Ave,47.542904,-52.756937,feeder stop,F213,1027
6199,Newfoundland Dr after Montague St,47.594968,-52.689195,feeder stop,F224,544
6200,Old Pennywell Rd before Columbus Dr,47.555331,-52.747159,walk to nearby stop,,263
6201,Old Pennywell Rd after Columbus Dr,47.55543,-52.747133,walk to nearby stop,,263
6202,Bay Bulls Rd before Walshs Ln,47.503472,-52.760872,feeder stop,F142,3450
6203,Hebron Way at Service Canada,47.615064,-52.72965,feeder stop,F220,2029
6204,Charter Ave opp St Johns Pl,47.585229,-52.69336,feeder stop,F212,1137
6205,Danny Dr near Marshalls,47.508648,-52.83138,feeder stop,F69,6524
6206,Danny Dr near Costco,47.506819,-52.832553,feeder stop,F73,6693
6207,Topsail Rd near Waterford Valley School,47.532988,-52.750176,walk to nearby stop,,247
6208,Castors Dr at Topsail Rd,47.526103,-52.816556,feeder stop,F17,4848
6209,Kenmount Rd after Ryans Lane,47.550923,-52.776965,feeder stop,F206,1637
6210,Harbour Dr opp Bishops Cove,47.560668,-52.709547,feeder stop,F211,523
6211,Harbour Dr opp Ayres Cove,47.562677,-52.707208,feeder stop,F211,521
6212,Harbour Dr opp Clifts Bairds Cove,47.563988,-52.705833,feeder stop,F211,480
6213,Harbour Dr at Clifts Bairds Cove,47.564097,-52.705846,feeder stop,F211,480
6214,Harbour Dr at Ayres Cove,47.562695,-52.707274,feeder stop,F211,521
6215,Harbour Dr at Becks Cove,47.561347,-52.709045,feeder stop,F211,490
6216,Kenmount Rd after Nils Way,47.536677,-52.817534,feeder stop,F203,4849
6217,Kenmount Rd before Brant Dr,47.536541,-52.81661,feeder stop,F205,4778
6218,Kenmount Rd before Karwood Dr,47.5252,-52.852757,feeder stop,F201,7549
6219,Kenmount Rd after Karwood Dr,47.525734,-52.852639,feeder stop,F199,7533
6220,Lester St at Hickman Pl,47.525318,-52.766753,feeder stop,F116,1414
6221,Kenmount Rd opp Crossroads Motel,47.527739,-52.837204,feeder stop,F205,6356
6222,Kenmount Rd at Crossroads Motel,47.528545,-52.836954,feeder stop,F203,6328
6223,Water St before Harbour Dr,47.558588,-52.711676,feeder stop,F216,522
6224,East White Hills Rd near RHB landfill,47.6053,-52.678939,feeder stop,F224,1538
6225,Merrymeeting Rd opp Sobeys,47.566602,-52.714647,walk to nearby stop,,121
6226,Merrymeeting Rd at Sobeys,47.566675,-52.71466,walk to nearby stop,,121
6230,Kelsey Dr before Messenger Dr,47.55814,-52.781172,feeder stop,F160,1583
6231,Mews Center,47.548555,-52.740263,feeder stop,F218,689
6237,Signal Hill Rd near Murphys Ln,47.572652,-52.692748,feeder stop,F211,702
6238,Mount Scio Rd opp Botanical Gardens,47.571162,-52.758168,feeder stop,F160,1055
6239,Mount Scio Rd opp Easter Seals,47.574509,-52.751115,feeder stop,F209,992
6240,Ridge Rd at Marine Institute,47.586526,-52.736697,feeder stop,F209,509
6241,Hoyles Ave before Little St,47.565672,-52.731981,walk to nearby stop,,320
6242,Empire Ave before Suvla St,47.566231,-52.728509,walk to nearby stop,,346
6243,Empire Ave before Aldershot St,47.56756,-52.726131,feeder stop,F208,474
6244,Newtown Rd before Salisbury St,47.568238,-52.723529,feeder stop,F210,422
6245,Newtown Rd before Calver St,47.567584,-52.719754,walk to nearby stop,,325
6246,Newtown Rd after Margarets Pl,47.567692,-52.719715,walk to nearby stop,,325
6247,Newtown Rd before Empire Ave,47.568328,-52.723265,feeder stop,F210,422
6248,Empire Ave opp Aldershot St,47.567624,-52.726382,feeder stop,F208,474
6249,Empire Ave opp Suez St,47.56586,-52.729275,walk to nearby stop,,301
6250,Hoyles Ave after Little St,47.565816,-52.731902,walk to nearby stop,,320
6251,Anderson Ave before Elizabeth Ave,47.565466,-52.736245,walk to nearby stop,,298
6252,Mount Scio Rd at Rainbow Riders,47.577603,-52.745421,feeder stop,F209,853
6253,Masonic Park Court E,47.535337,-52.810976,feeder stop,F4,4350
3655,Bay Bulls Rd after Royal Oak Dr,47.518667,-52.752822,feeder stop,F158,1710
3660,Bay Bulls Rd before Cemetery Ln,47.5178,-52.753294,feeder stop,F158,1823
3665,Bay Bulls Rd before Aylward Pl,47.514544,-52.755131,feeder stop,F156,2174
3670,Kilbride Ave,47.512636,-52.753873,feeder stop,F158,2379
3675,Silverton St,47.513694,-52.752598,feeder stop,F158,2264
3680,Old Petty Harbour Rd before Meadowgreen Pl,47.513061,-52.75047,feeder stop,F158,2342
3690,Old Petty Harbour Rd civic 142,47.509776,-52.750522,feeder stop,F158,2706
3695,Old Petty Harbour Rd before Fahey St,47.508093,-52.750049,feeder stop,F158,2904
3700,Fahey St before Chapman Cres,47.507172,-52.750944,feeder stop,F158,3000
3705,Fahey St after Chapman Cres,47.5073,-52.752908,feeder stop,F158,2972
3710,Fahey St civic 32,47.508863,-52.753268,feeder stop,F158,2783
3715,Fahey St before Mogridge St,47.510706,-52.753073,feeder stop,F158,2598
3725,Bay Bulls Rd before Long Beach St,47.510691,-52.757025,feeder stop,F152,2614
3730,Bay Bulls Rd before Lannon St,47.507761,-52.75807,feeder stop,F152,2938
3735,Bay Bulls Rd before Griffins Ln,47.504806,-52.759939,feeder stop,F146,3311
3740,Bay Bulls Rd before Connollys Ln,47.502225,-52.761442,feeder stop,F140,3583
3745,Bay Bulls Rd opp Valleyview Rd,47.500247,-52.76258,feeder stop,F132,3851
3750,Bay Bulls Rd before Old Bay Bulls Rd,47.49469,-52.76706,feeder stop,F128,4501
3755,Bay Bulls Rd after Lundrigan Rd,47.49195,-52.767483,feeder stop,F128,4805
3760,Main Rd civic 84,47.483186,-52.76818,feeder stop,F130,5770
3765,Main Rd civic 134,47.479133,-52.7685,feeder stop,F133,6199
3770,Main Rd after Viguers Rd,47.477219,-52.76871,feeder stop,F134,6427
3775,Main Rd after Doolings Line,47.472142,-52.76993,feeder stop,F136,6991
3780,Main Rd civic 294,47.468785,-52.770752,feeder stop,F137,7378
3790,Doyles Rd before Goulds Elem,47.461303,-52.774319,feeder stop,F131,8245
3792,Doyles Rd civic 64,47.46155,-52.77888,feeder stop,F127,8291
3795,Doyles Rd before Back Line,47.461603,-52.78181,feeder stop,F124,8340
3800,Back Line opp St Kevins High,47.460146,-52.783676,feeder stop,F123,8533
3805,Back Line before Della Dr,47.456181,-52.783592,feeder stop,F125,8957
3810,Sunset St after Back Line,47.454575,-52.782983,feeder stop,F126,9118
3815,Sunset St opp McConnell Pl,47.453208,-52.77822,feeder stop,F129,9186
3825,Main Rd after McGrath Pl W,47.45116,-52.772021,feeder stop,F147,9326
3830,Main Rd before Racetrack Rd,47.447244,-52.77187,feeder stop,F149,9755
3835,Main Rd civic 654,47.44485,-52.77141,feeder stop,F150,10037
3840,Main Rd opp Helena Rd,47.441631,-52.770694,feeder stop,F151,10364
3850,Shoal Bay Rd after Main Rd,47.439715,-52.768136,feeder stop,F153,10550
3855,Shoal Bay Rd after Mill Rd,47.438421,-52.764924,feeder stop,F155,10661
3865,Shoal Bay Rd before Mill Rd,47.438594,-52.76493,feeder stop,F155,10661
3870,Main Rd at Helena Rd,47.441575,-52.77052,feeder stop,F151,10364
3875,Main Rd before Lake View Dr,47.444406,-52.7711,feeder stop,F150,10037
3880,Main Rd after Ryans Pl,47.448636,-52.771844,feeder stop,F148,9602
3895,Main Rd opp Keith Dr,47.456064,-52.771883,feeder stop,F145,8786
3900,Main Rd before Durdle Dr,47.458925,-52.771931,feeder stop,F143,8473
3905,Main Rd before Doyles Rd,47.460392,-52.771958,feeder stop,F141,8312
3915,Main Rd at Bidgoods Plaza,47.463119,-52.77162,feeder stop,F139,8034
3920,Main Rd after Bishops Line,47.466722,-52.770925,feeder stop,F138,7606
3925,Main Rd opp Doolings Line,47.472269,-52.76981,feeder stop,F136,6991
3930,Main Rd civic 201,47.473647,-52.76946,feeder stop,F135,6824
3935,Main Rd civic 129,47.479411,-52.768372,feeder stop,F133,6199
3940,Bay Bulls Rd before Aylward Pl,47.513814,-52.755353,feeder stop,F156,2256
3950,Bay Bulls Rd after Cemetery Ln,47.517517,-52.753267,feeder stop,F158,1823
3960,Bay Bulls Rd opp civic 34,47.52143,-52.75012,feeder stop,F158,1420
3965,Bay bulls Rd before Lundrigan Rd,47.490994,-52.76743,feeder stop,F128,4907
3975,Bay Bulls Rd after Old Bay Bulls Rd,47.495989,-52.76577,feeder stop,F128,4338
3980,Bay Bulls Rd before Valleyview Rd,47.49981,-52.7627,feeder stop,F132,3851
3985,Bay Bulls Rd before Walshs Ln,47.502406,-52.761194,feeder stop,F140,3583
3990,Bay Bulls Rd before Griffins Ln,47.50447,-52.76001,feeder stop,F146,3311
3995,Bay Bulls Rd after Lannon St,47.50791,-52.75789,feeder stop,F152,2938
4000,Mogridge St at Bay Bulls Rd,47.511694,-52.756268,feeder stop,F154,2497
4005,Mogridge St before Fahey St,47.511155,-52.753625,feeder stop,F158,2546
4010,Fahey St civic 7,47.510663,-52.753277,feeder stop,F158,2598
4015,Hamlyn Rd after Village Shopping Centre,47.533978,-52.752858,trunk stop,T2,0
4020,Fahey St civic 29,47.509184,-52.753438,feeder stop,F158,2783
4025,Fahey St civic 57,47.507344,-52.75338,feeder stop,F158,2972
4030,Fahey St opp Chapman Cres,47.50703,-52.75126,feeder stop,F158,3000
4035,Hamlyn Rd at Baie Verte St,47.539094,-52.756989,feeder stop,F1,634
4040,Old Petty Harbour Rd after Fahey St,47.50794,-52.74974,feeder stop,F158,2904
4045,Frecker Dr opp Greenspond Dr,47.539672,-52.758311,feeder stop,F1,726
4050,Old Petty Harbour Rd civic 147,47.5092,-52.75027,feeder stop,F158,2771
4055,Frecker Dr near Duntara Cres,47.539097,-52.759528,feeder stop,F1,742
4060,Old Petty Harbour Rd before Meadowgreen Pl,47.511408,-52.75051,feeder stop,F158,2525
4070,Silverton St opp Shannon Pl,47.514211,-52.751281,feeder stop,F158,2210
4075,Frecker Dr opp Point Verde Pl,47.535458,-52.764169,feeder stop,F1,848
4080,Kilbride Ave at Silverton St,47.512675,-52.753661,feeder stop,F158,2379
4085,Frecker Dr before Burton St,47.531461,-52.766953,feeder stop,F33,1082
4090,Frecker Dr before Conran St,47.529925,-52.770308,feeder stop,F50,1373
4095,Burgeo St before Canada Dr,47.528464,-52.772492,feeder stop,F61,1585
4100,Canada Dr before Trepassey Pl,47.527214,-52.773273,feeder stop,F72,1697
4105,Canada Dr before Carmanville St,47.526497,-52.777442,feeder stop,F66,2014
4110,Canada Dr opp Portland Pl,47.529217,-52.778617,feeder stop,F33,1992
4115,Hopeall St opp Brownsdale St,47.530857,-52.776316,feeder stop,F19,1799
4120,Frecker Dr opp Gander Cres,47.532345,-52.773979,feeder stop,F217,1581
4125,Frecker Dr before Cherrington St,47.534967,-52.771864,feeder stop,F217,1415
4130,Frecker Dr opp Bellevue Cres,47.535931,-52.771483,feeder stop,F217,1399
4140,Empire Ave before Sherbourne St,47.542035,-52.763853,feeder stop,F217,1202
4145,Empire Ave before Fitzgerald Pl,47.544467,-52.758218,feeder stop,F217,1221
4150,Jensen Camp Rd,47.545511,-52.755753,feeder stop,F217,1294
4155,Empire Ave at Winslow St,47.546451,-52.754232,feeder stop,F217,1369
4160,Empire Ave before Dammerills Ln,47.548077,-52.751598,feeder stop,F217,1084
4165,Mundy Pond Rd before Anthony Ave,47.548142,-52.746344,feeder stop,F218,930
4170,Murphys Lane at Erley St,47.551956,-52.745342,feeder stop,F218,512
4175,Empire Ave at Glavine St,47.554442,-52.742831,walk to nearby stop,,242
4180,Empire Ave opp Erley St,47.553994,-52.743436,walk to nearby stop,,278
4195,Mundy Pond Rd before Columbus Dr,47.548344,-52.746278,feeder stop,F218,930
4200,Coefield St,47.546631,-52.749725,feeder stop,F217,1181
4205,Empire Ave after Dammerills Ln,47.548228,-52.751572,feeder stop,F217,1084
4210,Empire Ave opp Winslow St,47.546294,-52.754742,feeder stop,F217,1369
4215,Jensen Camp Rd,47.545561,-52.755894,feeder stop,F217,1294
4220,Empire Ave opp civic 711,47.544338,-52.759,feeder stop,F217,1228
4225,Empire Ave before Welland St,47.543461,-52.761389,feeder stop,F217,1219
4230,Blackmarsh Rd opp Harrington Dr,47.538461,-52.770067,feeder stop,F217,1367
4235,Frecker Dr opp Cherrington St,47.535639,-52.771556,feeder stop,F217,1399
4240,Frecker Dr at Bellevue Cres,47.533222,-52.773804,feeder stop,F217,1560
4250,Canada Dr opp Brownsdale St,47.528202,-52.778281,feeder stop,F42,2002
4255,Canada Dr at Whitbourne St,47.526466,-52.774842,feeder stop,F75,1840
4260,Burgeo St near Canada Dr,47.528067,-52.771862,feeder stop,F71,1544
4265,Frecker Dr before Mansfield Cres,47.53019,-52.769338,feeder stop,F48,1295
4270,Frecker Dr opp Birmingham St,47.532028,-52.766281,feeder stop,F24,1017
4275,Frecker Dr opp Creston Pl,47.535789,-52.76353,feeder stop,F1,809
4280,Frecker Dr after Point Leamington St,47.536672,-52.762072,feeder stop,F1,735
4285,Frecker Dr before Greenspond Dr,47.538414,-52.760021,feeder stop,F1,713
4290,Frecker Dr before Hamlyn Rd,47.539678,-52.757608,feeder stop,F1,726
4295,Hamlyn Rd after Curling Pl,47.535667,-52.754456,walk to nearby stop,,208
4300,Hamlyn Rd after Barachois St,47.53608,-52.75505,walk to nearby stop,,271
4305,Hamlyn Rd before Village Shopping Centre,47.534118,-52.753272,trunk stop,T2,0
4320,Old Placentia Rd after Commonwealth Ave,47.505125,-52.793119,feeder stop,F120,4403
4325,Old Placentia Rd before Westbrook Landing,47.502878,-52.797531,feeder stop,F118,4813
4330,Old Placentia Rd opp Emerald Dr,47.501464,-52.802939,feeder stop,F117,5211
4335,Old Placentia Rd at Richard Nolan Dr,47.5027,-52.806578,feeder stop,F113,5320
4408,Topsail Rd after Hamlyn Rd,47.53202,-52.75365,walk to nearby stop,,230
4410,Topsail Rd after Cowan Ave,47.529922,-52.758736,feeder stop,F121,626
4415,Topsail Rd before Brookfield Rd,47.528308,-52.761336,feeder stop,F119,892
4420,Topsail Rd civic 594,47.526975,-52.764833,feeder stop,F114,1183
4425,Topsail Rd before Burgeo St,47.526108,-52.767719,feeder stop,F110,1411
4430,Topsail Rd after Burgeo St,47.524706,-52.770822,feeder stop,F108,1696
4435,Topsail Rd before Team Gushue Hwy,47.523895,-52.77416,feeder stop,F102,1947
4445,Dunns Rd,47.522044,-52.777737,feeder stop,F102,2274
4450,Park Ave opp Avery Pl,47.520667,-52.778204,feeder stop,F110,2421
4455,Park Ave opp Worrall Cres,47.520056,-52.782978,feeder stop,F100,2752
4460,Park Ave after Commander Pl,47.520031,-52.786334,feeder stop,F91,2944
4465,Park Ave after Valleyview Ave,47.519783,-52.788166,feeder stop,F88,3081
4470,Park Ave after Parsons Ave,47.5195,-52.790883,feeder stop,F83,3268
4475,Park Ave at Billard Ave,47.519368,-52.792485,feeder stop,F81,3380
4480,Park Ave before Winston Ave,47.519478,-52.796497,feeder stop,F71,3641
4485,Park Ave before Riverview Ave,47.519608,-52.799666,feeder stop,F67,3850
4490,Park Ave before Churchill Ave,47.519833,-52.803,feeder stop,F58,4069
4500,Ruth Ave at First St,47.520269,-52.810339,feeder stop,F51,4565
4505,Ruth Ave after Roosevelt Ave,47.519981,-52.813167,feeder stop,F46,4776
4510,Ruth Ave opp Third St,47.519567,-52.815422,feeder stop,F44,4951
4515,Ruth Ave at Michener Ave,47.518747,-52.818742,feeder stop,F45,5201
4520,Moores Dr before Schreyer Cres,47.518647,-52.821947,feeder stop,F39,5448
4525,Moores Dr opp Edwards Pl,47.520392,-52.823794,feeder stop,F34,5523
4530,Michener Ave opp Toope Pl,47.521231,-52.827647,feeder stop,F29,5778
4535,Michener Ave before Paddon Pl,47.520239,-52.828903,feeder stop,F31,5898
4540,Michener Ave after Lidstone Cres,47.518166,-52.828,feeder stop,F37,5897
4545,Michener Ave near McGrath Cres,47.51552,-52.82427,feeder stop,F52,5730
4550,Michener Ave before Benson Pl,47.514312,-52.821734,feeder stop,F60,5604
4560,Ruth Ave before Fourth St,47.518758,-52.818297,feeder stop,F45,5201
4565,Fourth St opp Roland Dr,47.517166,-52.8155,feeder stop,F56,5050
4570,Fourth St before Collins Pl,47.516168,-52.814993,feeder stop,F62,5057
4575,Fourth St at Sunrise Ave,47.513898,-52.81444,feeder stop,F70,5124
4580,Sunrise Ave civic 57,47.513746,-52.812035,feeder stop,F74,4970
4590,Commonwealth Ave after Smallwood Dr,47.51382,-52.80274,feeder stop,F87,4356
4595,Commonwealth Ave opp civic 115,47.511876,-52.80036,feeder stop,F101,4323
4600,Commonwealth Ave opp Francis St,47.51,-52.798,feeder stop,F109,4305
4610,Jackman Dr opp Ash Pl,47.506511,-52.803758,feeder stop,F111,4885
4615,Jackman Dr at Pike Pl,47.507098,-52.807711,feeder stop,F105,5081
4620,Norman Dr,47.505153,-52.807775,feeder stop,F107,5216
4625,Munden Dr near Hounsell Ave,47.506431,-52.809881,feeder stop,F103,5257
4630,Munden Dr before Old Placentia Rd,47.505395,-52.811764,feeder stop,F104,5439
4640,Old Placentia Rd before Smallwood Dr,47.505711,-52.814053,feeder stop,F99,5559
4645,Smallwood Dr near Old Placentia Rd,47.507301,-52.814385,feeder stop,F96,5482
4650,Jeffers Dr at Jeffers Pl,47.508773,-52.811116,feeder stop,F95,5187
4655,Jeffers Dr at Badcock Pl,47.509951,-52.806122,feeder stop,F98,4801
4660,Jeffers Dr at Woodford Pl,47.511982,-52.804926,feeder stop,F93,4603
4680,Smallwood Dr civic 85,47.51641,-52.79683,feeder stop,F86,3827
4685,Smallwood Dr opp Blossom Ave,47.516666,-52.793,feeder stop,F94,3567
4690,Smallwood Dr before Park Ave,47.518666,-52.789156,feeder stop,F94,3205
4695,Park Ave before Valleyview Ave,47.51962,-52.788183,feeder stop,F88,3081
4700,Park Ave before Worrall Cres,47.519877,-52.783436,feeder stop,F100,2752
4705,Park Ave at Rosedale Pl,47.520372,-52.778467,feeder stop,F110,2421
4710,Dunns Rd before Topsail Rd,47.522267,-52.777685,feeder stop,F102,2274
4715,Topsail Rd near Collision Clinic,47.523744,-52.774069,feeder stop,F102,1947
4720,Topsail Rd before Burgeo St,47.524507,-52.77078,feeder stop,F108,1696
4725,Topsail Rd civic 623,47.5266,-52.7657,feeder stop,F114,1259
4730,Topsail Rd before Thomas St,47.528183,-52.761192,feeder stop,F119,892
4735,Topsail Rd at Holy Sepulchre Cemetery,47.523758,-52.787064,feeder stop,F66,2778
4740,Topsail Rd before Blackmarsh Rd,47.524147,-52.790703,feeder stop,F54,3044
4745,Topsail Rd after Blackmarsh Rd,47.524511,-52.794133,feeder stop,F43,3261
4750,Topsail Rd after Blackmarsh Rd,47.5242,-52.796569,feeder stop,F40,3445
4755,Farrell Dr civic 24,47.525897,-52.799461,feeder stop,F30,3584
4760,Farrell Dr near Nash Cres,47.528128,-52.799439,feeder stop,F18,3543
4765,Farrell Dr at Wyatt Blvd,47.529486,-52.799425,feeder stop,F12,3529
4770,Mount Carson Ave opp Dunluce Cres,47.52845,-52.80609,feeder stop,F13,4013
4771,Mount Carson Ave after Larsen St,47.53195,-52.80634,feeder stop,F8,4006
4775,Coefield St,47.546525,-52.749839,feeder stop,F217,1181
4780,Blackhead Rd before Water St,47.5487,-52.71807,feeder stop,F215,657
4785,Masonic Park Court A,47.533939,-52.807983,feeder stop,F6,4123
4790,Masonic Park Court C,47.533886,-52.810828,feeder stop,F6,4337
4800,Masonic Park Court H,47.535732,-52.808711,feeder stop,F2,4182
4805,Masonic Park opp Seniors Club,47.535542,-52.80745,feeder stop,F3,4086
4810,Mount Carson Ave before Topsail Rd,47.524965,-52.806109,feeder stop,F27,4109
4820,Grandy Cres,47.524931,-52.814683,feeder stop,F23,4736
4825,Humber Dr at Castors Dr,47.523711,-52.813372,feeder stop,F28,4672
4835,Hemmer Jane Dr near Topsail Rd,47.525792,-52.80915,feeder stop,F22,4310
4840,Hemmer Jane Dr at Frontenac Ave,47.527322,-52.812403,feeder stop,F15,4517
4845,Topsail Rd after Beclin Rd,47.527414,-52.821817,feeder stop,F11,5214
4850,Corrisande Dr after Topsail Rd,47.528931,-52.82968,feeder stop,F9,5780
4855,Corrisande Dr before Clyde Ave,47.525425,-52.831861,feeder stop,F14,5993
4860,Clyde Ave before Bruce St,47.523511,-52.837374,feeder stop,F16,6438
4880,Old Placentia Rd at Sobeys,47.512056,-52.824779,feeder stop,F65,5914
4885,Olympic Dr opp Glacier Arena,47.506477,-52.819788,feeder stop,F89,5874
4895,Ashford Dr opp Waterloo Cres,47.508242,-52.814033,feeder stop,F92,5403
4900,Ashford Dr before McGill Cres,47.511524,-52.816914,feeder stop,F76,5409
4905,Ashford Dr at Princeton Cres,47.511372,-52.810342,feeder stop,F84,4986
4910,Smallwood Dr before Carleton Dr,47.511009,-52.808216,feeder stop,F90,4870
4915,Commonwealth Ave opp Sunrise Ave,47.515214,-52.804061,feeder stop,F78,4364
4920,Commonwealth Ave opp Edinburgh Dr,47.517,-52.8065,feeder stop,F68,4437
4925,Commonwealth Ave opp St Davids Ave,47.519165,-52.807412,feeder stop,F57,4403
4930,Commonwealth Ave opp Glendale Ave,47.521681,-52.807372,feeder stop,F41,4303
4935,Topsail Rd before Forsey Pl,47.523362,-52.801661,feeder stop,F38,3837
4940,Topsail Rd at Forsey Pl,47.523649,-52.79901,feeder stop,F40,3638
4945,Topsail Rd after Blackmarsh Rd,47.524022,-52.790961,feeder stop,F54,3044
4950,Topsail Rd at Mary Queen of the World,47.523548,-52.786349,feeder stop,F66,2778
4955,Aberdeen Ave at Stavanger Dr,47.617754,-52.715629,feeder stop,F219,1910
1000,Village Shopping Centre,47.533785,-52.750122,"removed (trunk passes, stop consolidated)",,223
4245,Hopeall St before Canada Dr,47.530919,-52.776811,feeder stop,F19,1799
2780,Freshwater Rd after Anderson Ave,47.563267,-52.733853,trunk stop,T2,0
1645,Elizabeth Ave before Halliday Pl,47.570949,-52.730232,feeder stop,F208,475
1160,College of the North Atlantic,47.587286,-52.720606,walk to nearby stop,,254
1195,Marine Institute,47.587105,-52.735508,walk to nearby stop,,399
1290,Hamilton Ave near Shaw St,47.547753,-52.731197,trunk stop,"T2, T3",0
1405,Kings Bridge Rd at Lake Ave,47.575778,-52.702933,trunk stop,T4,0
1490,Middleton St before Rutledge Cres,47.599232,-52.693019,walk to nearby stop,,294
1600,Avalon Mall,47.55998,-52.757503,trunk stop,T2,0
1395,Military Rd opp St Thomas Church,47.571195,-52.702342,"removed (trunk passes, stop consolidated)",,95
2190,Water St at Convention Centre,47.559411,-52.711767,feeder stop,F216,458
2750,Parade St,47.56542,-52.715147,walk to nearby stop,,101
1525,Torbay Road Mall,47.592078,-52.709657,trunk stop,"T1, T1",0
1455,East White Hills Rd before Newfoundland Dr,47.591095,-52.686041,feeder stop,F224,992
2100,Highland Dr opp Tamarack St,47.604769,-52.71705,feeder stop,F219,547
1245,Crosbie Rd bldg 17,47.556355,-52.74409,trunk stop,T3,0
3785,Main Rd opp Petty Harbour Rd,47.462717,-52.77208,feeder stop,F139,8034
3955,Main Rd opp Ruby Line,47.487161,-52.76776,feeder stop,F128,5313
3860,Shoal Bay Rd at Park Ln,47.436518,-52.759482,feeder stop,F157,10856
3820,Cleary Dr before Main Rd,47.452934,-52.773119,feeder stop,F144,9144
2025,Torbay Rd at Highland Dr,47.604547,-52.71794,feeder stop,F220,568
5040,Stavanger Dr near  Staples,47.616535,-52.716709,feeder stop,F219,1786
1815,Kings Bridge Rd at Winter Ave,47.576047,-52.703239,trunk stop,T4,0
2895,Linegar Ave at St John Bosco School,47.544327,-52.70977,feeder stop,F215,1432
2330,Waterford Bridge Rd opp Hospital,47.527894,-52.749629,feeder stop,F213,731
3485,Forest Rd at Miller Ctr,47.576062,-52.695607,feeder stop,F212,564
4555,Ruth Ave opp Mount Pearl Intermediate,47.514889,-52.82015,feeder stop,F59,5469
4605,Commonwealth Ave after Richard Nolan Dr,47.508314,-52.795794,feeder stop,F115,4299
4665,Smallwood Dr before Commonwealth Ave,47.513538,-52.804235,feeder stop,F85,4468
4830,Humber Dr at Topsail Rd,47.525333,-52.813283,feeder stop,F21,4624
1580,Elizabeth Ave after Paton St,47.56492,-52.738388,walk to nearby stop,,306
1630,Elizabeth Ave before Anderson Ave,47.564885,-52.738207,walk to nearby stop,,306
1110,Crosbie Rd at Swilers Club,47.558827,-52.742499,trunk stop,T1,0
3375,Newfoundland Dr near Torbay Rd,47.598969,-52.712678,trunk stop,T5,0
3970,Bay Bulls Rd opp Irving,47.5234,-52.74818,feeder stop,F158,1240
3720,Mogridge St before Bay Bulls Rd,47.511656,-52.75558,feeder stop,F154,2497
3945,Main Rd opp civic 64,47.483144,-52.768067,feeder stop,F130,5770
1050,Hamilton Ave before Shaw St,47.547672,-52.731132,trunk stop,"T2, T3",0
2440,Waterford Bridge Rd at Hospital,47.528217,-52.748555,feeder stop,F213,731
1100,Crosbie Rd bldg 30,47.55657,-52.743977,trunk stop,T3,0
1570,Elizabeth Ave at Arts and Admin Bldg,47.570761,-52.730911,feeder stop,F208,475
1700,Torbay Rd opp Torbay Road Mall,47.591924,-52.709459,trunk stop,"T1, T1",0
4890,Smallwood Dr before Old Placentia Rd,47.506286,-52.81626,feeder stop,F97,5661
1485,Montague St before Pole Cres,47.599875,-52.690344,feeder stop,F224,483
3030,Blackmarsh Rd at Rockcliffe Apts,47.544803,-52.74182,feeder stop,F218,577
3090,Empire Ave before Grenfell Ave,47.559991,-52.733936,walk to nearby stop,,354
2610,Kelsey Dr at Walmart,47.555126,-52.782729,feeder stop,F165,1778
1850,Freshwater Rd after Parade St,47.564176,-52.715183,"removed (trunk passes, stop consolidated)",,117
1590,Freshwater Rd near Crosbie Rd,47.561489,-52.745689,walk to nearby stop,,72
1150,MUN Centre,47.57337,-52.735682,trunk stop,T1,0
2690,Anderson Ave before Freshwater Rd,47.563933,-52.733546,walk to nearby stop,,87
1155,Confed Bldg,47.582554,-52.72561,walk to nearby stop,,199
2465,Brookfield Rd before Cormack St,47.521474,-52.765045,feeder stop,F121,1663
1085,Empire Ave at Kellys Brook Apts,47.558004,-52.738151,trunk stop,T3,0
3135,Blackmarsh Rd before Mercers Ln,47.544971,-52.741785,feeder stop,F218,577
3080,Freshwater Rd before Anderson Ave,47.56313,-52.734015,trunk stop,T2,0
3390,Newfoundland Dr before Musgrave St,47.596336,-52.724275,trunk stop,T5,0
3270,Majors Path opp International Pl,47.604408,-52.735844,feeder stop,F221,1254
3345,Rhodora St,47.601297,-52.737581,feeder stop,F222,1123
3235,Newfoundland Dr after Calgary St,47.596484,-52.723552,trunk stop,T5,0
1840,Military Rd at Gathering Pl,47.567812,-52.709087,trunk stop,T2,0
4185,Murphys Lane opp Erley St,47.551969,-52.745581,feeder stop,F218,512
4585,Sunrise Ave before Teasdale St,47.514221,-52.807511,feeder stop,F77,4645
4495,Park Ave after Centennial St,47.520333,-52.805833,feeder stop,F51,4245
4870,Sagona Ave after Kyle Ave,47.516867,-52.835814,feeder stop,F35,6500
4440,Mount Pearl Square,47.523852,-52.7805,feeder stop,F79,2351
1990,New Cove Rd after Kennas Hill,47.577961,-52.70609,trunk stop,T4,0
6007,Kelsey Dr at Home Depot,47.553794,-52.781517,feeder stop,F186,1749
6004,Great Eastern Ave opp Nonia St,47.549005,-52.793698,feeder stop,F193,2804
2970,Forbes St opp Kennedy Rd,47.536619,-52.745292,walk to nearby stop,,140
4960,Clinch Cres at Faculty of Medicine,47.573008,-52.740561,walk to nearby stop,,234
4975,Main Rd before Doolings Line,47.47373,-52.76955,feeder stop,F135,6824
4980,Clinch Cres before Prince Philip Dr,47.57154,-52.73818,trunk stop,T1,0
4982,Clinch Cres opp Faculty of Medicine,47.573146,-52.740488,walk to nearby stop,,234
4985,Clinch Cres opp Janeway,47.572354,-52.744499,feeder stop,F208,480
5020,Larkhall St opp Donegal Pl,47.56326,-52.75504,walk to nearby stop,,171
5025,Harvey Rd at Longs Hill,47.56445,-52.71368,trunk stop,"T2, T2",0
5030,Road De Luxe at Pratt Pl,47.537492,-52.738747,walk to nearby stop,,92
5035,Road De Luxe opp Pratt Pl,47.537639,-52.739122,walk to nearby stop,,92
5045,Whiteway St before Bonaventure Ave,47.570705,-52.724602,feeder stop,F208,713
5050,Rodney St,47.57101,-52.72746,feeder stop,F208,684
5070,Empire Ave before Kings Bridge Rd,47.57518,-52.70215,walk to nearby stop,,122
5085,Portugal Cove Rd after Prince Philip Dr,47.58902,-52.71871,trunk stop,T1,0
5090,Portugal Cove Rd at Renouf Pl,47.58727,-52.71566,"removed (trunk passes, stop consolidated)",,290
5095,New Cove Rd before Cherry Hill Rd,47.58449,-52.71159,trunk stop,"T1, T4",0
6006,Kelsey Dr before Kiwanis St,47.550969,-52.77967,feeder stop,F206,1788
6008,Pippy Pl after Duffy Pl,47.562292,-52.77225,feeder stop,F160,919
6009,Pippy Pl after Austin St,47.559604,-52.770502,feeder stop,F160,767
6010,Great Eastern Ave opp Gil Eannes Dr,47.54809,-52.7969,feeder stop,F193,3065
6011,Pippy Pl before Kenmount Rd,47.555684,-52.767203,feeder stop,F207,724
6012,Lemarchant Rd after Brazil St,47.55976,-52.7183,"removed (trunk passes, stop consolidated)",,279
6013,Great Eastern Ave opp Pluto St,47.546961,-52.799283,feeder stop,F193,3281
6014,Great Eastern Ave before Kenmount Rd,47.542959,-52.8003,feeder stop,F206,3570
6015,Kenmount Rd at Honda,47.543457,-52.795364,feeder stop,F206,3232
2027,Torbay Rd opp Majors Path,47.611192,-52.722187,feeder stop,F219,1357
1202,Ridge Rd at YMCA,47.590126,-52.729192,trunk stop,T1,0
1991,New Cove Rd after Elizabeth Ave,47.584075,-52.710747,walk to nearby stop,,78
1992,New Cove Rd civic 148,47.585289,-52.712111,walk to nearby stop,,97
5091,Portugal Cove Rd opp Smallwoods Ln,47.586966,-52.714597,walk to nearby stop,,356
4531,Michener Ave before Donovan St,47.52018,-52.818961,feeder stop,F36,5182
4541,Michener Ave near Harnum Cres,47.52161,-52.820236,feeder stop,F32,5230
4751,Wyatt Blvd opp Holden St,47.532241,-52.800623,feeder stop,F7,3587
4746,Wyatt Blvd at Elmcliff St,47.534687,-52.801246,feeder stop,F5,3631
4811,Mount Carson Ave after Topsail Rd,47.525612,-52.805657,feeder stop,F25,4058
4769,Mount Carson Ave after Dunluce Cres,47.528787,-52.805723,feeder stop,F13,4013
4772,Mount Carson Ave opp Masonic Dr,47.533536,-52.806214,feeder stop,F6,3991
4747,Wyatt Blvd after Elmcliff St,47.534597,-52.801605,feeder stop,F5,3631
4752,Wyatt Blvd at Holden St,47.532565,-52.800941,feeder stop,F7,3587
4766,Wyatt Blvd at Farrell Dr,47.529543,-52.79976,feeder stop,F12,3529
4761,Farrell Dr after Nash Cres,47.527258,-52.801885,feeder stop,F20,3742
4756,Farrell Dr before Evans Pl,47.525621,-52.798924,feeder stop,F30,3584
4942,Topsail Rd before Blackmarsh Rd,47.524192,-52.795065,feeder stop,F47,3338
6052,Ladysmith Dr at Maurice Putt Cres,47.550717,-52.789212,feeder stop,F193,2418
6053,Ladysmith Dr after Ophelia Pl,47.552863,-52.790386,feeder stop,F169,2404
6054,Ladysmith Dr opp Petite Forte Dr,47.555172,-52.794913,feeder stop,F161,2658
6055,Petite Forte Dr opp Dauntless St,47.551306,-52.794478,feeder stop,F171,2753
6060,Kiwanis St near Kelsey Dr,47.550996,-52.781214,feeder stop,F206,1882
6057,Kiwanis St before Hamlet St,47.549413,-52.785267,feeder stop,F206,2232
4956,Whiterose Dr near Aberdeen Ave,47.619686,-52.719709,feeder stop,F219,2173
4957,Whiterose Dr before Torbay Rd,47.617758,-52.722129,feeder stop,F219,2019
6062,Hebron Way near Torbay Rd,47.617298,-52.724415,feeder stop,F219,2037
6063,Torbay Rd opp Harbour View Ave,47.607461,-52.720624,feeder stop,F220,928
6065,Harvey Rd after Bonaventure Ave,47.565532,-52.711626,walk to nearby stop,,196
6066,The Boulevard before Legion Rd,47.581536,-52.69466,feeder stop,F212,901
6067,The Boulevard near Legion Rd,47.581816,-52.69462,feeder stop,F212,901
1475,Montague St at Watson St,47.597811,-52.688054,feeder stop,F224,571
6069,Paradise Double Ice Complex,47.523718,-52.870487,feeder stop,F192,8891
4866,Sagona Ave before Dundee Ave,47.519817,-52.83881,feeder stop,F26,6630
4871,Sagona Ave before Glencoe Dr,47.514631,-52.834956,feeder stop,F49,6517
4872,Old Placentia Rd after Glencoe Dr,47.513011,-52.83237,feeder stop,F55,6398
4881,Olympic Dr before Wilson Cres,47.508686,-52.821171,feeder stop,F80,5840
4879,Old Placentia Rd at Cunard Pl,47.512451,-52.82741,feeder stop,F63,6077
4516,Ruth Ave opp MPSH,47.516543,-52.819629,feeder stop,F53,5364
4586,Sunrise Ave before Commonwealth Ave,47.514443,-52.805211,feeder stop,F82,4481
4226,Empire Ave before Blackmarsh Rd,47.541694,-52.765251,feeder stop,F217,1249
6079,Logy Bay Rd at Harding Rd,47.600253,-52.695578,walk to nearby stop,,334
6080,Logy Bay Rd opp Cambridge Ave,47.601882,-52.69399,feeder stop,F224,529
6081,Logy Bay Rd opp Marconi Pl,47.603772,-52.691847,feeder stop,F224,779
6082,Logy Bay Rd opp Gregory St,47.607392,-52.689608,feeder stop,F224,1215
